id,name,brand,model,year,trim,full_option,specs,category,image_filename
car_001,رولز رويس كولينان 2026,رولز رويس,كولينان,2026,Black Badge,فل كامل,سعودي · 6.75 لتر V12 تيربو · 600 حصان · دفع رباعي · 5 ركاب · جيب فخم,premium,rolls_royce_cullinan_2026_black_badge.jpg
car_002,رولز رويس جوست 2026,رولز رويس,جوست,2026,Extended,فل كامل,سعودي · 6.75 لتر V12 تيربو · 571 حصان · دفع رباعي · 5 ركاب · سيدان فخم,premium,rolls_royce_ghost_2026_extended.jpg
car_003,فيراري 296 GTB 2026,فيراري,296 GTB,2026,GTB,فل كامل,سعودي · 3.0 لتر V6 هجين · 830 حصان · دفع خلفي · 2 ركاب · سوبر كار,premium,ferrari_296_gtb_2026_gtb.jpg
car_004,لامبورجيني أوروس 2026,لامبورجيني,أوروس,2026,Performante,فل كامل,سعودي · 4.0 لتر V8 تيربو · 666 حصان · دفع رباعي · 5 ركاب · جيب فخم,premium,lamborghini_urus_2026_performante.jpg
car_005,مكلارين 750S 2026,مكلارين,750S,2026,Coupe,فل كامل,سعودي · 4.0 لتر V8 تيربو · 750 حصان · دفع خلفي · 2 ركاب · سوبر كار,premium,mclaren_750s_2026_coupe.jpg
car_006,بنتلي كونتيننتال GT 2026,بنتلي,كونتيننتال GT,2026,Speed,فل كامل,سعودي · 4.0 لتر V8 هجين · 782 حصان · دفع رباعي · 4 ركاب · رياضية فخمة,premium,bentley_continental_gt_2026_speed.jpg
car_007,بنتلي بنتايجا 2026,بنتلي,بنتايجا,2026,V8,فل كامل,سعودي · 4.0 لتر V8 تيربو · 550 حصان · دفع رباعي · 5 ركاب · جيب فخم,premium,bentley_bentayga_2026_v8.jpg
car_008,أستون مارتن DBX707 2026,أستون مارتن,DBX707,2026,707,فل كامل,سعودي · 4.0 لتر V8 تيربو · 707 حصان · دفع رباعي · 5 ركاب · جيب فخم,premium,aston_martin_dbx707_2026_707.jpg
car_009,مرسيدس G 63 AMG 2026,مرسيدس,G 63 AMG,2026,AMG,فل كامل,سعودي · 4.0 لتر V8 تيربو · 585 حصان · دفع رباعي · 5 ركاب · جيب فخم,premium,mercedes_benz_g_63_amg_2026_amg.jpg
car_010,مرسيدس مايباخ GLS 600 2026,مرسيدس,مايباخ GLS 600,2026,Maybach,فل كامل,سعودي · 4.0 لتر V8 تيربو · 557 حصان · دفع رباعي · 4 ركاب · جيب فخم,premium,mercedes_benz_maybach_gls_600_2026_maybach.jpg
car_011,لاند روفر رنج روفر فوج 2026,لاند روفر,رنج روفر فوج,2026,Autobiography,فل كامل,سعودي · 3.0 لتر 6 سلندر تيربو · 400 حصان · دفع رباعي · 5 ركاب · جيب فخم,premium,land_rover_range_rover_vogue_2026_autobiography.jpg
car_012,أودي RS Q8 2026,أودي,RS Q8,2026,RS,فل كامل,سعودي · 4.0 لتر V8 تيربو · 640 حصان · دفع رباعي · 5 ركاب · جيب فخم,premium,audi_rs_q8_2026_rs.jpg
car_013,مرسيدس S 500 2026,مرسيدس,S 500,2026,4MATIC,فل كامل,سعودي · 3.0 لتر 6 سلندر تيربو · 455 حصان · دفع رباعي · 5 ركاب · سيدان فخم,premium,mercedes_benz_s_500_2026_4matic.jpg
car_014,بي إم دبليو 740i 2026,بي إم دبليو,740i,2026,M Sport,فل كامل,سعودي · 3.0 لتر 6 سلندر تيربو · 381 حصان · دفع خلفي · 5 ركاب · سيدان فخم,premium,bmw_740i_2026_m_sport.jpg
car_015,بورش 911 كاريرا 2026,بورش,911 كاريرا,2026,Carrera,فل كامل,سعودي · 3.0 لتر 6 سلندر تيربو · 394 حصان · دفع خلفي · 4 ركاب · رياضية,premium,porsche_911_carrera_2026_carrera.jpg
car_016,لاند روفر رنج روفر سبورت 2026,لاند روفر,رنج روفر سبورت,2026,Dynamic HSE,فل كامل,سعودي · 3.0 لتر 6 سلندر تيربو · 400 حصان · دفع رباعي · 5 ركاب · جيب فخم,premium,land_rover_range_rover_sport_2026_dynamic_hse.jpg
car_017,بي إم دبليو X7 40i 2026,بي إم دبليو,X7 40i,2026,M Sport,فل كامل,سعودي · 3.0 لتر 6 سلندر تيربو · 381 حصان · دفع رباعي · 7 ركاب · جيب فخم,premium,bmw_x7_xdrive40i_2026_m_sport.jpg
car_018,لكزس LC 500 2026,لكزس,LC 500,2026,LC 500,فل كامل,سعودي · 5.0 لتر V8 · 471 حصان · دفع خلفي · 4 ركاب · رياضية,premium,lexus_lc_500_2026_lc_500.jpg
car_019,كاديلاك إسكاليد 2026,كاديلاك,إسكاليد,2026,Premium Luxury,فل كامل,أمريكي · 6.2 لتر V8 · 420 حصان · دفع رباعي · 7 ركاب · جيب فخم,premium,cadillac_escalade_2026_premium_luxury.jpg
car_020,نيسان GT-R 2025,نيسان,GT-R,2025,Premium,فل كامل,سعودي · 3.8 لتر V6 تيربو · 565 حصان · دفع رباعي · 4 ركاب · سوبر كار,premium,nissan_gt_r_2025_premium.jpg
car_021,بي إم دبليو M4 2026,بي إم دبليو,M4,2026,Competition,فل كامل,سعودي · 3.0 لتر 6 سلندر تيربو · 530 حصان · دفع خلفي · 4 ركاب · رياضية,premium,bmw_m4_competition_2026_competition.jpg
car_022,لكزس LX 600 2026,لكزس,LX 600,2026,VIP,فل كامل,سعودي · 3.5 لتر V6 تيربو · 409 حصان · دفع رباعي · 4 ركاب · جيب كبير,premium,lexus_lx_600_2026_vip.jpg
car_023,لوسيد إير 2026,لوسيد,إير,2026,Grand Touring,فل كامل,سعودي · كهربائية مزدوجة · 819 حصان · دفع رباعي · 5 ركاب · سيدان فخم كهربائية,premium,lucid_air_grand_touring_2026_grand_touring.jpg
car_024,تويوتا لاندكروزر 2026,تويوتا,لاندكروزر,2026,GR Sport,فل كامل,سعودي · 3.5 لتر V6 تيربو · 409 حصان · دفع رباعي · 5 ركاب · جيب كبير,premium,toyota_land_cruiser_300_2026_gr_sport.jpg
car_025,مرسيدس GLE 450 2026,مرسيدس,GLE 450,2026,AMG Line,فل كامل,سعودي · 3.0 لتر 6 سلندر تيربو · 381 حصان · دفع رباعي · 5 ركاب · جيب فخم,premium,mercedes_benz_gle_450_2026_amg_line.jpg
car_026,بورش كايين 2026,بورش,كايين,2026,Cayenne,فل كامل,سعودي · 3.0 لتر V6 تيربو · 353 حصان · دفع رباعي · 5 ركاب · جيب فخم,premium,porsche_cayenne_2026_cayenne.jpg
car_027,بي إم دبليو X5 40i 2026,بي إم دبليو,X5 40i,2026,M Sport,فل كامل,سعودي · 3.0 لتر 6 سلندر تيربو · 381 حصان · دفع رباعي · 5 ركاب · جيب فخم,premium,bmw_x5_xdrive40i_2026_m_sport.jpg
car_028,أودي Q8 2026,أودي,Q8,2026,S Line,فل كامل,سعودي · 3.0 لتر V6 تيربو · 340 حصان · دفع رباعي · 5 ركاب · جيب فخم,premium,audi_q8_55_tfsi_2026_s_line.jpg
car_029,نيسان باترول نيسمو 2026,نيسان,باترول نيسمو,2026,Nismo,فل كامل,سعودي · 3.5 لتر V6 تيربو · 425 حصان · دفع رباعي · 7 ركاب · جيب كبير,premium,nissan_patrol_nismo_2026_nismo.jpg
car_030,لوسيد جرافيتي 2026,لوسيد,جرافيتي,2026,Grand Touring,فل كامل,سعودي · كهربائية مزدوجة · 828 حصان · دفع رباعي · 7 ركاب · جيب فخم كهربائي,premium,lucid_gravity_2026_grand_touring.jpg
car_031,لاند روفر ديفندر 110 2026,لاند روفر,ديفندر 110,2026,X-Dynamic,فل كامل,سعودي · 3.0 لتر 6 سلندر تيربو · 400 حصان · دفع رباعي · 7 ركاب · جيب فخم,premium,land_rover_defender_110_2026_x_dynamic.jpg
car_032,فورد F-150 رابتر 2026,فورد,F-150 رابتر,2026,Raptor,فل كامل,أمريكي · 3.5 لتر V6 تيربو · 450 حصان · دفع رباعي · 5 ركاب · بيك أب,premium,ford_f_150_raptor_2026_raptor.jpg
car_033,إنفينيتي QX80 2026,إنفينيتي,QX80,2026,Sensory,فل كامل,سعودي · 3.5 لتر V6 تيربو · 450 حصان · دفع رباعي · 8 ركاب · جيب فخم,premium,infiniti_qx80_2026_sensory.jpg
car_034,مازيراتي جريكالي 2026,مازيراتي,جريكالي,2026,Modena,فل كامل,سعودي · 2.0 لتر تيربو هجين · 330 حصان · دفع رباعي · 5 ركاب · جيب فخم,premium,maserati_grecale_2026_modena.jpg
car_035,لكزس GX 550 2026,لكزس,GX 550,2026,Overtrail,فل كامل,سعودي · 3.4 لتر V6 تيربو · 349 حصان · دفع رباعي · 7 ركاب · جيب كبير,premium,lexus_gx_550_2026_overtrail.jpg
car_036,جي إم سي يوكن 2026,جي إم سي,يوكن,2026,Denali,فل كامل,أمريكي · 6.2 لتر V8 · 420 حصان · دفع رباعي · 7 ركاب · جيب كبير,premium,gmc_yukon_2026_denali.jpg
car_037,بي إم دبليو 530i 2026,بي إم دبليو,530i,2026,M Sport,فل كامل,سعودي · 2.0 لتر تيربو · 258 حصان · دفع خلفي · 5 ركاب · سيدان فخم,premium,bmw_530i_2026_m_sport.jpg
car_038,تويوتا سيكويا 2026,تويوتا,سيكويا,2026,Capstone,فل كامل,أمريكي · 3.4 لتر V6 هايبرد · 437 حصان · دفع رباعي · 7 ركاب · جيب كبير,premium,toyota_sequoia_2026_capstone.jpg
car_039,جينيسيس GV80 2026,جينيسيس,GV80,2026,Prestige,فل كامل,سعودي · 3.5 لتر V6 تيربو · 380 حصان · دفع رباعي · 5 ركاب · جيب فخم,premium,genesis_gv80_2026_prestige.jpg
car_040,تويوتا لاندكروزر 2026,تويوتا,لاندكروزر,2026,GXR,فل كامل,سعودي · 3.5 لتر V6 تيربو · 409 حصان · دفع رباعي · 7 ركاب · جيب كبير,premium,toyota_land_cruiser_300_2026_gxr.jpg
car_041,نيسان باترول 2026,نيسان,باترول,2026,LE Platinum,فل كامل,سعودي · 3.5 لتر V6 تيربو · 425 حصان · دفع رباعي · 8 ركاب · جيب كبير,premium,nissan_patrol_2026_le_platinum.jpg
car_042,شيفروليه تاهو 2026,شيفروليه,تاهو,2026,High Country,فل كامل,أمريكي · 6.2 لتر V8 · 420 حصان · دفع رباعي · 7 ركاب · جيب كبير,premium,chevrolet_tahoe_2026_high_country.jpg
car_043,مرسيدس E 300 2026,مرسيدس,E 300,2026,AMG Line,فل كامل,سعودي · 2.0 لتر تيربو · 258 حصان · دفع خلفي · 5 ركاب · سيدان فخم,premium,mercedes_benz_e_300_2026_amg_line.jpg
car_044,بورش ماكان 2026,بورش,ماكان,2026,Macan,فل كامل,سعودي · 2.0 لتر تيربو · 265 حصان · دفع رباعي · 5 ركاب · جيب فخم,premium,porsche_macan_2026_macan.jpg
car_045,شيفروليه سوبربان 2026,شيفروليه,سوبربان,2026,Premier,فل كامل,أمريكي · 5.3 لتر V8 · 355 حصان · دفع رباعي · 8 ركاب · جيب كبير,premium,chevrolet_suburban_2026_premier.jpg
